{
    "Player": {
        "Position": {
            "X": 108.8668212890625,
            "Y": 198.44764709472656
        }
    }
}
