{
    "energy": 0.003000000026077032,
    "friction": 0.004999999888241291,
    "onGround": true,
    "speedX": 0.0,
    "speedY": -0.10000000149011612,
    "vector": [
        1
    ]
}