{
    "depthX": -128.0,
    "depthY": -0.5028076171875,
    "energy": 0.003000000026077032,
    "friction": 0.004999999888241291,
    "onGround": true,
    "pos": {
        "X": 121.0,
        "Y": 721.4998168945313
    },
    "speedX": 0.0,
    "speedY": -0.10000000149011612
}