{
    "energy": 0.003000000026077032,
    "friction": 0.004999999888241291,
    "isCollision": false,
    "isWalk": false,
    "offset": {
        "X": -128.0,
        "Y": -0.02972412109375
    },
    "onGround": false,
    "pos": {
        "X": 121.0,
        "Y": 721.0
    },
    "speedX": 0.0,
    "speedY": 0.0
}