{
    "Test": {
        "Actor": {
            "isCollision": false,
            "isWalk": false,
            "originOffset": {
                "X": 15.0,
                "Y": 23.0
            }
        },
        "Object": {
            "IsActive": true,
            "name": "Test",
            "position": {
                "X": 180.85964965820313,
                "Y": 727.5
            },
            "sprite": {
                "size": {
                    "height": 38,
                    "left": 18,
                    "top": 26,
                    "width": 30
                }
            },
            "type": 3
        },
        "Player": {
            "energy": 0.003000000026077032,
            "friction": 0.004999999888241291,
            "health": 50.0,
            "maxSpeed": 0.20000000298023224,
            "offset": {
                "X": -188.359619140625,
                "Y": -27.431396484375
            },
            "onGround": true,
            "speedX": 0.0,
            "speedY": 0.0
        }
    }
}